targetname,queryname,rfamid,score,evalue,seqfrom,seqto,strand,seqlen
E_sibiricum_255-15,RNaseP_bact_b,RF00011,315.7,9.7e-92,1294210,1294583,+,374
E_antarcticum_dsm14480,RNaseP_bact_b,RF00011,315.7,9.7e-92,99389,99016,-,374
E_sp_U13-1,RNaseP_bact_b,RF00011,314.5,2.3e-91,1754399,1754772,+,374
E_indicum_HHS_31,RNaseP_bact_b,RF00011,314.5,2.3e-91,915484,915857,+,374
E_sp_MH3,RNaseP_bact_b,RF00011,313.5,4.6e-91,1265112,1265485,+,374
E_enclense_NIO-1109,RNaseP_bact_b,RF00011,312.6,8.7e-91,1876169,1876542,+,374
E_sp_ZWU0009_fita,RNaseP_bact_b,RF00011,312.5,9.2e-91,1332745,1333118,+,374
E_acetylicum_DSM_20416,RNaseP_bact_b,RF00011,312.5,9.2e-91,862574,862947,+,374
E_marinum_DSM_16307,RNaseP_bact_b,RF00011,312.2,1.1e-90,1730053,1730420,+,368
Ealkaliphilum_12_1,RNaseP_bact_b,RF00011,310.2,4.499999999999999e-90,545639,546006,+,368
E_oxidotolerans_JCM_12280,RNaseP_bact_b,RF00011,309.8,5.899999999999999e-90,2912981,2913354,+,374
Echiriqhuca,RNaseP_bact_b,RF00011,309.4,8e-90,1308307,1308674,+,368
Emexicanum,RNaseP_bact_b,RF00011,309.4,8e-90,881823,881456,-,368
E_sp_AT1b,RNaseP_bact_b,RF00011,309.0,1.1e-89,288705,288338,-,368
E_profundum_PHM_11,RNaseP_bact_b,RF00011,308.1,2e-89,1796030,1796397,+,368
Eaurantiacum,RNaseP_bact_b,RF00011,305.5,1.2e-88,1837115,1837482,+,368
E_antarcticum_dsm14480,6S,RF00013,86.0,7.3e-17,526976,526787,-,190
E_sp_AT1b,6S,RF00013,84.7,1.5e-16,2683502,2683688,+,187
E_marinum_DSM_16307,6S,RF00013,84.7,1.5e-16,2258290,2258104,-,187
Emexicanum,6S,RF00013,84.6,1.6e-16,281963,282149,+,187
E_oxidotolerans_JCM_12280,6S,RF00013,84.5,1.6e-16,596083,595894,-,190
Echiriqhuca,6S,RF00013,84.5,1.6e-16,1913650,1913464,-,187
Ealkaliphilum_12_1,6S,RF00013,84.1,2.1e-16,2685997,2686183,+,187
E_profundum_PHM_11,6S,RF00013,83.8,2.5e-16,2338157,2337971,-,187
E_sp_MH3,6S,RF00013,83.8,2.5e-16,2141408,2141219,-,190
E_sp_U13-1,6S,RF00013,83.8,2.5e-16,2631645,2631456,-,190
E_sp_ZWU0009_fita,6S,RF00013,83.8,2.5e-16,2233573,2233384,-,190
E_enclense_NIO-1109,6S,RF00013,83.8,2.5e-16,746660,746849,+,190
E_indicum_HHS_31,6S,RF00013,83.8,2.5e-16,1749060,1748871,-,190
E_sibiricum_255-15,6S,RF00013,83.1,3.6e-16,2035882,2035693,-,190
Eaurantiacum,6S,RF00013,83.1,3.6e-16,2410524,2410338,-,187
E_acetylicum_DSM_20416,6S,RF00013,80.6,1.5e-15,1734283,1734094,-,190
E_profundum_PHM_11,CsrB,RF00018,237.7,1e-67,1529,1837,+,309
E_marinum_DSM_16307,tmRNA,RF00023,166.7,2.5e-47,1231118,1231473,+,356
E_sp_AT1b,tmRNA,RF00023,166.2,3.5e-47,803204,802849,-,356
E_profundum_PHM_11,tmRNA,RF00023,166.2,3.5e-47,1274896,1275251,+,356
Echiriqhuca,tmRNA,RF00023,164.6,1.1e-46,813715,814070,+,356
Emexicanum,tmRNA,RF00023,164.6,1.1e-46,1369369,1369014,-,356
Eaurantiacum,tmRNA,RF00023,164.6,1.1e-46,1345260,1345615,+,356
Ealkaliphilum_12_1,tmRNA,RF00023,164.1,1.6e-46,1283853,1284208,+,356
Ealkaliphilum_12_1,tmRNA,RF00023,164.1,1.6e-46,3102172,3102527,+,356
E_sp_U13-1,tmRNA,RF00023,155.1,9.1e-44,2928239,2927881,-,359
E_sp_ZWU0009_fita,tmRNA,RF00023,155.1,9.1e-44,2531324,2530966,-,359
E_acetylicum_DSM_20416,tmRNA,RF00023,155.1,9.1e-44,2037234,2036876,-,359
E_enclense_NIO-1109,tmRNA,RF00023,155.0,9.300000000000001e-44,457749,458107,+,359
E_sibiricum_255-15,tmRNA,RF00023,154.9,1e-43,2340046,2339688,-,359
E_antarcticum_dsm14480,tmRNA,RF00023,154.8,1.1e-43,856307,855949,-,359
E_indicum_HHS_31,tmRNA,RF00023,154.7,1.1999999999999999e-43,2187808,2187450,-,359
E_oxidotolerans_JCM_12280,tmRNA,RF00023,154.4,1.4e-43,899864,899506,-,359
E_sp_MH3,tmRNA,RF00023,154.3,1.6e-43,2429571,2429213,-,359
Emexicanum,Intron_gpI,RF00028,86.8,1.6e-20,1435429,1435059,-,371
Ealkaliphilum_12_1,Intron_gpI,RF00028,83.6,1.3e-19,1218549,1218911,+,363
Ealkaliphilum_12_1,Intron_gpI,RF00028,83.6,1.3e-19,3036868,3037230,+,363
E_antarcticum_dsm14480,Intron_gpI,RF00028,81.9,4.1e-19,918795,918474,-,322
E_oxidotolerans_JCM_12280,Intron_gpI,RF00028,78.8,3.3e-18,959557,959236,-,322
E_enclense_NIO-1109,Intron_gpI,RF00028,78.5,3.9e-18,393810,394135,+,326
E_sp_U13-1,Intron_gpI,RF00028,76.7,1.3e-17,2991483,2991163,-,321
E_acetylicum_DSM_20416,Intron_gpI,RF00028,76.7,1.3e-17,2100474,2100154,-,321
E_sibiricum_255-15,Intron_gpI,RF00028,74.0,7.9e-17,2403014,2402693,-,322
E_sp_MH3,FMN,RF00050,126.9,7.5e-30,2380452,2380593,+,142
E_enclense_NIO-1109,FMN,RF00050,126.9,7.5e-30,507552,507411,-,142
E_indicum_HHS_31,FMN,RF00050,126.9,7.5e-30,3072957,3072816,-,142
E_sp_U13-1,FMN,RF00050,126.3,1.1e-29,2877980,2878122,+,143
E_sp_ZWU0009_fita,FMN,RF00050,126.3,1.1e-29,2478996,2479138,+,143
E_acetylicum_DSM_20416,FMN,RF00050,126.3,1.1e-29,1979397,1979539,+,143
E_oxidotolerans_JCM_12280,FMN,RF00050,125.1,2.4e-29,848308,848447,+,140
E_sibiricum_255-15,FMN,RF00050,124.2,4.2e-29,2287514,2287654,+,141
E_antarcticum_dsm14480,FMN,RF00050,123.6,5.9e-29,777724,777864,+,141
E_sp_AT1b,FMN,RF00050,121.5,2.2000000000000004e-28,731624,731766,+,143
E_profundum_PHM_11,FMN,RF00050,121.5,2.2000000000000004e-28,1335616,1335474,-,143
Ealkaliphilum_12_1,FMN,RF00050,121.1,2.9e-28,2098245,2098104,-,142
Eaurantiacum,FMN,RF00050,121.1,2.9e-28,1407315,1407174,-,142
Echiriqhuca,FMN,RF00050,121.0,3e-28,876210,876069,-,142
Emexicanum,FMN,RF00050,121.0,3e-28,1311429,1311570,+,142
E_marinum_DSM_16307,FMN,RF00050,120.8,3.5000000000000004e-28,1294113,1293971,-,143
E_antarcticum_dsm14480,FMN,RF00050,118.2,1.7000000000000002e-27,1207966,1207822,-,145
E_sibiricum_255-15,FMN,RF00050,117.1,3.6e-27,2703637,2703493,-,145
E_sp_MH3,FMN,RF00050,116.5,5e-27,2807521,2807377,-,145
E_sp_U13-1,FMN,RF00050,116.5,5e-27,98253,98109,-,145
E_sp_ZWU0009_fita,FMN,RF00050,116.5,5e-27,2925775,2925631,-,145
E_acetylicum_DSM_20416,FMN,RF00050,116.5,5e-27,2397639,2397495,-,145
E_enclense_NIO-1109,FMN,RF00050,116.5,5e-27,87178,87322,+,145
E_indicum_HHS_31,FMN,RF00050,116.5,5e-27,2956612,2956468,-,145
E_oxidotolerans_JCM_12280,FMN,RF00050,114.3,2.1e-26,1236826,1236682,-,145
E_sp_AT1b,FMN,RF00050,110.3,2.4e-25,948984,948842,-,143
E_marinum_DSM_16307,FMN,RF00050,110.3,2.4e-25,1093470,1093612,+,143
Ealkaliphilum_12_1,FMN,RF00050,109.0,5.6999999999999995e-25,2566472,2566614,+,143
Echiriqhuca,FMN,RF00050,108.7,6.5e-25,668303,668445,+,143
Eaurantiacum,FMN,RF00050,108.7,6.699999999999999e-25,1186278,1186420,+,143
Emexicanum,FMN,RF00050,107.7,1.2999999999999998e-24,1524391,1524249,-,143
E_profundum_PHM_11,FMN,RF00050,106.1,3.4e-24,1115855,1115997,+,143
Eaurantiacum,TPP,RF00059,87.2,4e-16,688649,688753,+,105
E_marinum_DSM_16307,TPP,RF00059,87.0,4.5e-16,616280,616384,+,105
Echiriqhuca,TPP,RF00059,86.9,4.6e-16,176747,176851,+,105
Emexicanum,TPP,RF00059,86.9,4.6e-16,2038198,2038094,-,105
E_sp_AT1b,TPP,RF00059,86.3,6.3e-16,1497215,1497111,-,105
Eaurantiacum,TPP,RF00059,85.8,8.4e-16,2966798,2966697,-,102
E_profundum_PHM_11,TPP,RF00059,85.1,1.2e-15,626125,626229,+,105
E_profundum_PHM_11,TPP,RF00059,84.6,1.6e-15,594696,594598,-,99
Ealkaliphilum_12_1,TPP,RF00059,84.2,2.1e-15,1329032,1328928,-,105
E_sp_AT1b,TPP,RF00059,83.5,3e-15,1528634,1528732,+,99
E_marinum_DSM_16307,TPP,RF00059,81.1,1.1e-14,586873,586774,-,100
Echiriqhuca,TPP,RF00059,81.0,1.2e-14,132961,132863,-,99
Emexicanum,TPP,RF00059,81.0,1.2e-14,2081923,2082021,+,99
E_acetylicum_DSM_20416,TPP,RF00059,80.5,1.6e-14,3268625,3268725,+,101
Ealkaliphilum_12_1,TPP,RF00059,80.5,1.6e-14,1367337,1367435,+,99
Eaurantiacum,TPP,RF00059,80.5,1.6e-14,649106,649008,-,99
E_antarcticum_dsm14480,TPP,RF00059,78.1,5.9e-14,3146550,3146451,-,100
E_enclense_NIO-1109,TPP,RF00059,78.0,6.3e-14,3054651,3054751,+,101
E_sp_MH3,TPP,RF00059,77.9,6.5e-14,957514,957620,+,107
E_enclense_NIO-1109,TPP,RF00059,77.9,6.5e-14,1569778,1569884,+,107
E_indicum_HHS_31,TPP,RF00059,77.9,6.5e-14,609374,609480,+,107
E_sp_ZWU0009_fita,TPP,RF00059,77.2,9.6e-14,1681483,1681582,+,100
E_sp_U13-1,TPP,RF00059,77.2,9.6e-14,1442235,1442341,+,107
E_sp_ZWU0009_fita,TPP,RF00059,77.2,9.6e-14,1005145,1005251,+,107
E_acetylicum_DSM_20416,TPP,RF00059,77.2,9.6e-14,553068,553174,+,107
E_oxidotolerans_JCM_12280,TPP,RF00059,77.2,9.7e-14,99446,99348,-,99
E_oxidotolerans_JCM_12280,TPP,RF00059,77.1,1e-13,2889296,2889396,+,101
E_indicum_HHS_31,TPP,RF00059,76.7,1.3e-13,3239312,3239412,+,101
E_sp_MH3,TPP,RF00059,76.2,1.7e-13,1595582,1595681,+,100
E_sp_U13-1,TPP,RF00059,76.2,1.7e-13,2075221,2075320,+,100
E_acetylicum_DSM_20416,TPP,RF00059,76.2,1.7e-13,1178483,1178582,+,100
E_enclense_NIO-1109,TPP,RF00059,76.2,1.7e-13,2991630,2991729,+,100
E_indicum_HHS_31,TPP,RF00059,76.2,1.7e-13,1194855,1194954,+,100
E_sibiricum_255-15,TPP,RF00059,75.0,3.3e-13,1548043,1547944,-,100
E_sibiricum_255-15,TPP,RF00059,72.3,1.5e-12,1239860,1239962,+,103
E_oxidotolerans_JCM_12280,TPP,RF00059,72.0,1.7e-12,2155516,2155626,+,111
E_sp_U13-1,TPP,RF00059,71.6,2.1e-12,1685622,1685724,+,103
E_enclense_NIO-1109,TPP,RF00059,71.6,2.1e-12,1811692,1811794,+,103
E_acetylicum_DSM_20416,TPP,RF00059,71.6,2.2e-12,796214,796316,+,103
E_oxidotolerans_JCM_12280,TPP,RF00059,71.6,2.2e-12,2859323,2859425,+,103
E_antarcticum_dsm14480,TPP,RF00059,71.2,2.6e-12,2926244,2926346,+,103
E_sp_MH3,TPP,RF00059,71.1,2.8e-12,1197625,1197727,+,103
E_sp_ZWU0009_fita,TPP,RF00059,71.1,2.8e-12,1263954,1264056,+,103
E_indicum_HHS_31,TPP,RF00059,71.1,2.8e-12,851093,851195,+,103
E_antarcticum_dsm14480,TPP,RF00059,70.3,4.3e-12,2259437,2259547,+,111
E_sibiricum_255-15,TPP,RF00059,70.2,4.6e-12,576921,577031,+,111
E_enclense_NIO-1109,TPP,RF00059,70.0,5.2e-12,2662914,2663024,+,111
E_sp_MH3,TPP,RF00059,69.8,5.9e-12,551469,551579,+,111
E_sp_U13-1,TPP,RF00059,69.8,5.9e-12,1035517,1035627,+,111
E_sp_ZWU0009_fita,TPP,RF00059,69.8,5.9e-12,598299,598409,+,111
E_acetylicum_DSM_20416,TPP,RF00059,69.8,5.9e-12,157355,157465,+,111
E_indicum_HHS_31,TPP,RF00059,69.8,5.9e-12,2729085,2728975,-,111
E_marinum_DSM_16307,TPP,RF00059,66.3,3.9e-11,1715752,1715852,+,101
Emexicanum,TPP,RF00059,66.3,4e-11,445105,445205,+,101
E_sp_AT1b,TPP,RF00059,66.1,4.4e-11,303231,303131,-,101
E_profundum_PHM_11,TPP,RF00059,66.1,4.4e-11,1781731,1781831,+,101
Ealkaliphilum_12_1,TPP,RF00059,66.0,4.6e-11,530933,531033,+,101
Eaurantiacum,TPP,RF00059,66.0,4.6e-11,1822748,1822848,+,101
Echiriqhuca,TPP,RF00059,66.0,4.6e-11,1293896,1293996,+,101
Emexicanum,TPP,RF00059,66.0,4.6e-11,896223,896123,-,101
E_marinum_DSM_16307,TPP,RF00059,65.4,6.5e-11,2099963,2099863,-,101
E_oxidotolerans_JCM_12280,TPP,RF00059,65.2,7.2e-11,435259,435153,-,107
E_sibiricum_255-15,TPP,RF00059,64.9,8.5e-11,1877798,1877692,-,107
E_sp_AT1b,TPP,RF00059,64.9,8.5e-11,2841008,2841108,+,101
E_profundum_PHM_11,TPP,RF00059,64.9,8.5e-11,2176716,2176616,-,101
E_oxidotolerans_JCM_12280,TPP,RF00059,64.8,9e-11,2613702,2613807,+,106
E_antarcticum_dsm14480,TPP,RF00059,64.8,9.3e-11,370271,370165,-,107
Eaurantiacum,TPP,RF00059,64.7,9.6e-11,2243767,2243667,-,101
Echiriqhuca,TPP,RF00059,64.7,9.6e-11,1754576,1754476,-,101
E_antarcticum_dsm14480,TPP,RF00059,64.0,1.4e-10,2671858,2671963,+,106
E_sp_MH3,TPP,RF00059,63.3,2.1e-10,1984271,1984162,-,110
E_sp_U13-1,TPP,RF00059,63.3,2.1e-10,2473190,2473081,-,110
E_sp_ZWU0009_fita,TPP,RF00059,63.3,2.1e-10,2076417,2076308,-,110
E_acetylicum_DSM_20416,TPP,RF00059,63.3,2.1e-10,1574528,1574419,-,110
E_enclense_NIO-1109,TPP,RF00059,63.3,2.1e-10,904000,904109,+,110
E_indicum_HHS_31,TPP,RF00059,63.3,2.1e-10,1591931,1591822,-,110
E_sibiricum_255-15,TPP,RF00059,62.0,4.2e-10,987623,987728,+,106
Ealkaliphilum_12_1,TPP,RF00059,61.5,5.6e-10,661438,661537,+,100
Emexicanum,GlmZ_SraJ,RF00083,153.3,6.100000000000001e-38,3253061,3252858,-,204
E_profundum_PHM_11,CsrC,RF00084,176.6,9.3e-55,2835972,2836202,+,231
Emexicanum,GlmY_tke1,RF00128,82.8,6.8e-17,3253059,3252907,-,153
Emexicanum,GlmY_tke1,RF00128,76.8,2.3e-15,3280868,3280687,-,182
Emexicanum,Alpha_RBS,RF00140,104.7,5.3999999999999994e-24,2999587,2999478,-,110
E_sibiricum_255-15,SAM,RF00162,94.5,3.6000000000000003e-22,2949654,2949549,-,106
E_sp_AT1b,SAM,RF00162,92.6,1.3e-21,763985,763879,-,107
E_profundum_PHM_11,SAM,RF00162,92.6,1.3e-21,1306038,1306144,+,107
Echiriqhuca,SAM,RF00162,92.4,1.5e-21,1337560,1337664,+,105
E_sp_MH3,SAM,RF00162,92.1,1.9e-21,2811629,2811526,-,104
E_sp_U13-1,SAM,RF00162,92.1,1.9e-21,102361,102258,-,104
E_sp_ZWU0009_fita,SAM,RF00162,92.1,1.9e-21,2929883,2929780,-,104
E_acetylicum_DSM_20416,SAM,RF00162,92.1,1.9e-21,2401747,2401644,-,104
E_enclense_NIO-1109,SAM,RF00162,92.1,1.9e-21,83070,83173,+,104
E_indicum_HHS_31,SAM,RF00162,92.1,1.9e-21,2960720,2960617,-,104
Emexicanum,SAM,RF00162,91.9,2e-21,848290,848187,-,104
E_marinum_DSM_16307,SAM,RF00162,91.5,2.8e-21,1266261,1266366,+,106
E_oxidotolerans_JCM_12280,SAM,RF00162,91.0,3.7e-21,872192,872086,-,107
Eaurantiacum,SAM,RF00162,90.7,4.7e-21,1870968,1871071,+,104
E_sp_AT1b,SAM,RF00162,90.4,5.7e-21,262165,262061,-,105
E_profundum_PHM_11,SAM,RF00162,90.4,5.7e-21,1822578,1822682,+,105
Echiriqhuca,SAM,RF00162,90.4,5.8e-21,1335153,1335253,+,101
E_sibiricum_255-15,SAM,RF00162,90.2,6.6e-21,2707752,2707649,-,104
Emexicanum,SAM,RF00162,90.1,6.9e-21,1339597,1339492,-,106
E_antarcticum_dsm14480,SAM,RF00162,90.1,7e-21,1463865,1463760,-,106
Ealkaliphilum_12_1,SAM,RF00162,90.1,7.1e-21,2066321,2066426,+,106
Emexicanum,SAM,RF00162,89.6,9.4e-21,850698,850598,-,101
E_antarcticum_dsm14480,SAM,RF00162,89.4,1.1e-20,1212071,1211968,-,104
Ealkaliphilum_12_1,SAM,RF00162,89.4,1.1e-20,2202843,2202743,-,101
Eaurantiacum,SAM,RF00162,89.3,1.2e-20,1868558,1868660,+,103
Eaurantiacum,SAM,RF00162,89.2,1.3e-20,1378030,1378135,+,106
Echiriqhuca,SAM,RF00162,89.2,1.3e-20,844351,844456,+,106
E_sp_AT1b,SAM,RF00162,88.6,1.9e-20,264573,264474,-,100
E_profundum_PHM_11,SAM,RF00162,88.6,1.9e-20,1820170,1820269,+,100
E_sp_MH3,SAM,RF00162,88.3,2.3e-20,2400387,2400283,-,105
E_sp_U13-1,SAM,RF00162,88.3,2.3e-20,2899225,2899121,-,105
E_sp_ZWU0009_fita,SAM,RF00162,88.3,2.3e-20,2500240,2500136,-,105
E_acetylicum_DSM_20416,SAM,RF00162,88.3,2.3e-20,2000897,2000793,-,105
E_enclense_NIO-1109,SAM,RF00162,88.3,2.3e-20,487609,487713,+,105
E_indicum_HHS_31,SAM,RF00162,88.3,2.3e-20,3053021,3053125,+,105
E_oxidotolerans_JCM_12280,SAM,RF00162,88.1,2.6e-20,1475218,1475114,-,105
Ealkaliphilum_12_1,SAM,RF00162,87.7,3.4e-20,2200437,2200334,-,104
E_sibiricum_255-15,SAM,RF00162,86.6,7.1e-20,2309368,2309263,-,106
E_antarcticum_dsm14480,SAM,RF00162,86.6,7.3e-20,797773,797668,-,106
E_sp_MH3,SAM,RF00162,83.9,4.3e-19,3072961,3072860,-,102
E_sp_U13-1,SAM,RF00162,83.9,4.3e-19,364253,364152,-,102
E_sp_ZWU0009_fita,SAM,RF00162,83.9,4.3e-19,3188344,3188243,-,102
E_acetylicum_DSM_20416,SAM,RF00162,83.9,4.3e-19,2663125,2663024,-,102
E_enclense_NIO-1109,SAM,RF00162,83.9,4.3e-19,2368808,2368909,+,102
E_indicum_HHS_31,SAM,RF00162,83.9,4.3e-19,2446268,2446369,+,102
E_sp_MH3,SAM,RF00162,83.5,5.7e-19,3048503,3048401,-,103
E_enclense_NIO-1109,SAM,RF00162,83.5,5.7e-19,2395450,2395552,+,103
E_indicum_HHS_31,SAM,RF00162,83.5,5.7e-19,2472909,2473011,+,103
E_antarcticum_dsm14480,SAM,RF00162,83.3,6.5e-19,1030578,1030681,+,104
E_sibiricum_255-15,SAM,RF00162,83.3,6.6e-19,2505940,2506043,+,104
E_sp_U13-1,SAM,RF00162,83.1,7.4e-19,337818,337716,-,103
E_sp_ZWU0009_fita,SAM,RF00162,83.1,7.4e-19,3161908,3161806,-,103
E_acetylicum_DSM_20416,SAM,RF00162,83.1,7.4e-19,2636697,2636595,-,103
E_sibiricum_255-15,SAM,RF00162,81.7,1.9e-18,2977132,2977031,-,102
E_oxidotolerans_JCM_12280,SAM,RF00162,81.3,2.5e-18,1502487,1502386,-,102
E_marinum_DSM_16307,SAM,RF00162,80.8,3.4e-18,167032,167127,+,96
E_sp_MH3,SAM,RF00162,80.6,3.9e-18,418452,418555,+,104
E_sp_U13-1,SAM,RF00162,80.6,3.9e-18,896105,896208,+,104
E_sp_ZWU0009_fita,SAM,RF00162,80.6,3.9e-18,471241,471344,+,104
E_acetylicum_DSM_20416,SAM,RF00162,80.6,3.9e-18,30532,30635,+,104
E_enclense_NIO-1109,SAM,RF00162,80.6,3.9e-18,2284413,2284516,+,104
E_indicum_HHS_31,SAM,RF00162,80.6,3.9e-18,1919560,1919457,-,104
E_sp_U13-1,SAM,RF00162,80.5,4.2e-18,194077,194181,+,105
E_oxidotolerans_JCM_12280,SAM,RF00162,80.5,4.3e-18,1326905,1327008,+,104
E_oxidotolerans_JCM_12280,SAM,RF00162,80.4,4.4e-18,1061639,1061745,+,107
E_oxidotolerans_JCM_12280,SAM,RF00162,80.1,5.5e-18,1237081,1236977,-,105
E_sp_MH3,SAM,RF00162,80.1,5.6e-18,2604704,2604809,+,106
E_enclense_NIO-1109,SAM,RF00162,80.1,5.6e-18,289944,289839,-,106
E_indicum_HHS_31,SAM,RF00162,80.1,5.6e-18,2360538,2360643,+,106
E_sp_MH3,SAM,RF00162,79.9,6.4e-18,2900270,2900374,+,105
E_sp_ZWU0009_fita,SAM,RF00162,79.9,6.4e-18,3017886,3017990,+,105
E_acetylicum_DSM_20416,SAM,RF00162,79.9,6.4e-18,2493170,2493274,+,105
E_enclense_NIO-1109,SAM,RF00162,79.9,6.4e-18,2543843,2543739,-,105
E_indicum_HHS_31,SAM,RF00162,79.9,6.4e-18,2621713,2621609,-,105
Echiriqhuca,SAM,RF00162,79.8,6.8e-18,2591992,2592087,+,96
Emexicanum,SAM,RF00162,79.7,7.2e-18,2418945,2418850,-,96
E_antarcticum_dsm14480,SAM,RF00162,79.5,8.4e-18,1490501,1490400,-,102
E_sibiricum_255-15,SAM,RF00162,79.5,8.4e-18,2804795,2804898,+,104
E_sp_U13-1,SAM,RF00162,79.5,8.6e-18,3104555,3104660,+,106
E_sp_ZWU0009_fita,SAM,RF00162,79.5,8.6e-18,2707789,2707894,+,106
E_acetylicum_DSM_20416,SAM,RF00162,79.5,8.6e-18,2199764,2199869,+,106
Ealkaliphilum_12_1,SAM,RF00162,79.1,1.1e-17,2276208,2276107,-,102
E_antarcticum_dsm14480,SAM,RF00162,79.0,1.1e-17,1316738,1316841,+,104
E_sp_MH3,SAM,RF00162,78.7,1.4e-17,418246,418145,-,102
E_sp_U13-1,SAM,RF00162,78.7,1.4e-17,895899,895798,-,102
E_sp_ZWU0009_fita,SAM,RF00162,78.7,1.4e-17,471035,470934,-,102
E_acetylicum_DSM_20416,SAM,RF00162,78.7,1.4e-17,30326,30225,-,102
E_enclense_NIO-1109,SAM,RF00162,78.7,1.4e-17,2284206,2284105,-,102
E_indicum_HHS_31,SAM,RF00162,78.7,1.4e-17,1919766,1919867,+,102
Emexicanum,SAM,RF00162,78.0,2.3e-17,1951859,1951960,+,102
Eaurantiacum,SAM,RF00162,77.8,2.7e-17,176982,177077,+,96
E_sp_AT1b,SAM,RF00162,77.6,2.9e-17,1404452,1404553,+,102
E_profundum_PHM_11,SAM,RF00162,77.6,2.9e-17,708164,708063,-,102
E_sp_AT1b,SAM,RF00162,77.5,3.2e-17,1986459,1986364,-,96
E_profundum_PHM_11,SAM,RF00162,77.5,3.2e-17,155951,156046,+,96
Ealkaliphilum_12_1,SAM,RF00162,77.3,3.7e-17,2276413,2276516,+,104
E_sp_AT1b,SAM,RF00162,76.8,5e-17,1404246,1404144,-,103
E_profundum_PHM_11,SAM,RF00162,76.8,5e-17,708370,708472,+,103
Eaurantiacum,SAM,RF00162,76.6,5.6e-17,780535,780638,+,104
E_sibiricum_255-15,SAM,RF00162,76.3,6.9e-17,449125,449227,+,103
E_antarcticum_dsm14480,SAM,RF00162,76.3,6.9e-17,2010402,2010504,+,103
Echiriqhuca,SAM,RF00162,76.3,7.2e-17,271930,271829,-,102
Echiriqhuca,SAM,RF00162,76.2,7.5e-17,272136,272238,+,103
Emexicanum,SAM,RF00162,76.2,7.5e-17,1951653,1951551,-,103
Ealkaliphilum_12_1,SAM,RF00162,76.1,8.3e-17,1666820,1666914,+,95
E_antarcticum_dsm14480,SAM,RF00162,75.3,1.4e-16,2010193,2010092,-,102
E_sibiricum_255-15,SAM,RF00162,75.3,1.4e-16,448917,448816,-,102
Ealkaliphilum_12_1,SAM,RF00162,74.6,2.2e-16,2075838,2075952,+,115
Eaurantiacum,SAM,RF00162,73.3,5.3e-16,780329,780227,-,103
Echiriqhuca,SAM,RF00162,72.3,1e-15,854272,854386,+,115
E_sp_AT1b,SAM,RF00162,67.8,2.1e-14,696533,696414,-,120
E_marinum_DSM_16307,SAM,RF00162,67.8,2.1e-14,1328999,1329118,+,120
E_profundum_PHM_11,SAM,RF00162,67.8,2.1e-14,1370739,1370858,+,120
E_oxidotolerans_JCM_12280,SAM,RF00162,66.8,4.1e-14,1237297,1237399,+,103
Eaurantiacum,SAM,RF00162,65.3,1.1e-13,1442999,1443118,+,120
Ealkaliphilum_12_1,SAM,RF00162,65.1,1.2e-13,337525,337641,+,117
E_sibiricum_255-15,SAM,RF00162,65.1,1.3e-13,2708001,2708104,+,104
E_antarcticum_dsm14480,SAM,RF00162,64.9,1.5e-13,1212321,1212423,+,103
Emexicanum,SAM,RF00162,64.7,1.7e-13,1277094,1276975,-,120
Echiriqhuca,SAM,RF00162,64.7,1.7e-13,912219,912338,+,120
Echiriqhuca,SAM,RF00162,64.6,1.8e-13,1288352,1288251,-,102
Ealkaliphilum_12_1,SAM,RF00162,63.0,5.2e-13,525416,525316,-,101
E_sp_AT1b,SAM,RF00162,62.4,7.9e-13,311003,311102,+,100
E_marinum_DSM_16307,SAM,RF00162,62.4,7.9e-13,1709589,1709490,-,100
E_profundum_PHM_11,SAM,RF00162,62.4,7.9e-13,1773968,1773869,-,100
E_oxidotolerans_JCM_12280,SAM,RF00162,62.0,1e-12,2018416,2018310,-,107
E_sp_MH3,SAM,RF00162,61.6,1.4e-12,2811879,2811980,+,102
E_enclense_NIO-1109,SAM,RF00162,61.6,1.4e-12,82820,82719,-,102
Emexicanum,SAM,RF00162,61.5,1.4e-12,901765,901865,+,101
E_sp_U13-1,SAM,RF00162,60.8,2.2e-12,102611,102712,+,102
E_acetylicum_DSM_20416,SAM,RF00162,60.8,2.2e-12,2401997,2402098,+,102
E_indicum_HHS_31,SAM,RF00162,60.8,2.2e-12,2960970,2961071,+,102
E_sp_ZWU0009_fita,SAM,RF00162,60.8,2.3e-12,2930133,2930234,+,102
Eaurantiacum,SAM,RF00162,60.5,2.7e-12,1817214,1817115,-,100
E_oxidotolerans_JCM_12280,SAM,RF00162,59.3,6.1e-12,813652,813526,-,127
E_enclense_NIO-1109,SAM,RF00162,58.8,8.6e-12,2263506,2263403,-,104
E_sp_MH3,SAM,RF00162,58.8,8.9e-12,2345920,2345794,-,127
E_sp_U13-1,SAM,RF00162,58.8,8.9e-12,2842639,2842513,-,127
E_sp_ZWU0009_fita,SAM,RF00162,58.8,8.9e-12,2444715,2444589,-,127
E_acetylicum_DSM_20416,SAM,RF00162,58.8,8.9e-12,1945368,1945242,-,127
E_enclense_NIO-1109,SAM,RF00162,58.8,8.9e-12,541835,541961,+,127
E_indicum_HHS_31,SAM,RF00162,58.8,8.9e-12,57444,57318,-,127
E_sibiricum_255-15,SAM,RF00162,58.4,1.1e-11,2253359,2253233,-,127
E_sp_MH3,SAM,RF00162,58.1,1.4e-11,397552,397449,-,104
E_sp_U13-1,SAM,RF00162,58.1,1.4e-11,875007,874904,-,104
E_sp_ZWU0009_fita,SAM,RF00162,58.1,1.4e-11,450162,450059,-,104
E_acetylicum_DSM_20416,SAM,RF00162,58.1,1.4e-11,9459,9356,-,104
E_indicum_HHS_31,SAM,RF00162,58.1,1.4e-11,1940463,1940566,+,104
E_sibiricum_255-15,SAM,RF00162,57.8,1.7e-11,425900,425797,-,104
E_antarcticum_dsm14480,SAM,RF00162,57.8,1.7e-11,1987196,1987093,-,104
E_antarcticum_dsm14480,SAM,RF00162,57.6,1.9e-11,743872,743746,-,127
Echiriqhuca,Purine,RF00167,88.6,6.4e-16,2442675,2442574,-,102
Emexicanum,Purine,RF00167,88.5,6.9e-16,2785006,2785107,+,102
Emexicanum,Purine,RF00167,88.0,9e-16,2365567,2365668,+,102
Eaurantiacum,Purine,RF00167,87.4,1.3e-15,25999,25898,-,102
E_marinum_DSM_16307,Purine,RF00167,87.3,1.4e-15,4381,4280,-,102
Ealkaliphilum_12_1,Purine,RF00167,87.3,1.4e-15,304788,304889,+,102
Ealkaliphilum_12_1,Purine,RF00167,87.3,1.4e-15,1557158,1557259,+,102
E_profundum_PHM_11,Purine,RF00167,87.1,1.5e-15,6035,5934,-,102
Echiriqhuca,Purine,RF00167,87.0,1.7e-15,2646039,2645938,-,102
E_sp_AT1b,Purine,RF00167,86.6,2e-15,2156650,2156751,+,102
Eaurantiacum,Purine,RF00167,85.9,3e-15,231204,231103,-,102
Ealkaliphilum_12_1,Purine,RF00167,85.8,3.1e-15,1718792,1718691,-,102
E_sp_MH3,Purine,RF00167,84.6,6.3e-15,449117,449218,+,102
E_sp_U13-1,Purine,RF00167,84.6,6.3e-15,931885,931986,+,102
E_sp_ZWU0009_fita,Purine,RF00167,84.6,6.3e-15,495725,495826,+,102
E_acetylicum_DSM_20416,Purine,RF00167,84.6,6.3e-15,55016,55117,+,102
E_enclense_NIO-1109,Purine,RF00167,84.6,6.3e-15,2560581,2560682,+,102
E_indicum_HHS_31,Purine,RF00167,84.6,6.3e-15,2831453,2831352,-,102
E_sp_AT1b,Purine,RF00167,84.5,6.6e-15,1934314,1934415,+,102
E_marinum_DSM_16307,Purine,RF00167,84.5,6.6e-15,218382,218281,-,102
E_oxidotolerans_JCM_12280,Purine,RF00167,84.1,8.4e-15,2045020,2045121,+,102
E_profundum_PHM_11,Purine,RF00167,84.1,8.5e-15,208192,208091,-,102
E_antarcticum_dsm14480,Purine,RF00167,83.4,1.2e-14,2022674,2022775,+,102
E_antarcticum_dsm14480,Purine,RF00167,83.4,1.2e-14,2147420,2147521,+,102
E_sibiricum_255-15,Purine,RF00167,82.4,2.2e-14,466079,466180,+,102
E_sibiricum_255-15,Purine,RF00167,81.8,3e-14,474287,474388,+,102
E_antarcticum_dsm14480,Purine,RF00167,81.8,3e-14,2155621,2155722,+,102
E_oxidotolerans_JCM_12280,Purine,RF00167,81.8,3e-14,2053453,2053554,+,102
Echiriqhuca,Purine,RF00167,77.7,3.1e-13,2444548,2444448,-,101
Emexicanum,Purine,RF00167,77.7,3.1e-13,2783133,2783233,+,101
E_sp_MH3,Purine,RF00167,77.5,3.5e-13,440953,441054,+,102
E_sp_U13-1,Purine,RF00167,77.5,3.5e-13,923719,923820,+,102
E_sp_ZWU0009_fita,Purine,RF00167,77.5,3.5e-13,487560,487661,+,102
E_acetylicum_DSM_20416,Purine,RF00167,77.5,3.5e-13,46851,46952,+,102
E_enclense_NIO-1109,Purine,RF00167,77.5,3.5e-13,2297651,2297752,+,102
E_indicum_HHS_31,Purine,RF00167,77.5,3.5e-13,1906322,1906221,-,102
E_oxidotolerans_JCM_12280,Purine,RF00167,76.6,6.1e-13,2043107,2043208,+,102
E_sibiricum_255-15,Purine,RF00167,75.4,1.2e-12,459660,459761,+,102
E_antarcticum_dsm14480,Purine,RF00167,75.4,1.2e-12,2017407,2017508,+,102
E_sp_MH3,Purine,RF00167,74.8,1.6e-12,428957,429058,+,102
E_sp_U13-1,Purine,RF00167,74.8,1.6e-12,906611,906712,+,102
E_sp_ZWU0009_fita,Purine,RF00167,74.8,1.6e-12,481747,481848,+,102
E_acetylicum_DSM_20416,Purine,RF00167,74.8,1.6e-12,41038,41139,+,102
E_enclense_NIO-1109,Purine,RF00167,74.8,1.6e-12,2294918,2295019,+,102
E_indicum_HHS_31,Purine,RF00167,74.8,1.6e-12,1909055,1908954,-,102
E_sp_AT1b,Purine,RF00167,74.6,1.8e-12,2154780,2154880,+,101
E_profundum_PHM_11,Purine,RF00167,74.6,1.8e-12,7904,7804,-,101
E_sibiricum_255-15,Purine,RF00167,73.4,3.6e-12,235041,235140,+,100
E_antarcticum_dsm14480,Purine,RF00167,73.4,3.6e-12,1787808,1787907,+,100
Echiriqhuca,Purine,RF00167,73.2,4.2e-12,2429198,2429097,-,102
Eaurantiacum,Purine,RF00167,73.1,4.2e-12,12526,12425,-,102
E_marinum_DSM_16307,Purine,RF00167,73.0,4.7e-12,6249,6149,-,101
E_oxidotolerans_JCM_12280,Purine,RF00167,72.7,5.6e-12,1805668,1805767,+,100
Emexicanum,Purine,RF00167,71.7,9.4e-12,2674550,2674449,-,102
E_sp_AT1b,Purine,RF00167,71.6,1e-11,2170677,2170778,+,102
E_profundum_PHM_11,Purine,RF00167,71.6,1e-11,2833234,2833133,-,102
E_sp_MH3,Purine,RF00167,71.4,1.1e-11,192380,192479,+,100
E_sp_U13-1,Purine,RF00167,71.4,1.1e-11,661101,661200,+,100
E_sp_ZWU0009_fita,Purine,RF00167,71.4,1.1e-11,241572,241671,+,100
E_acetylicum_DSM_20416,Purine,RF00167,71.4,1.1e-11,2955720,2955819,+,100
E_enclense_NIO-1109,Purine,RF00167,71.4,1.1e-11,2058335,2058434,+,100
E_indicum_HHS_31,Purine,RF00167,71.4,1.1e-11,2149405,2149306,-,100
Ealkaliphilum_12_1,Purine,RF00167,71.4,1.1e-11,34161,34262,+,102
Ealkaliphilum_12_1,Purine,RF00167,70.0,2.6e-11,302944,303043,+,100
Ealkaliphilum_12_1,Purine,RF00167,70.0,2.6e-11,1555314,1555413,+,100
Eaurantiacum,Purine,RF00167,70.0,2.6e-11,27864,27765,-,100
E_marinum_DSM_16307,Purine,RF00167,67.6,9.6e-11,2762072,2761971,-,102
Eaurantiacum,Lysine,RF00168,120.0,5.399999999999999e-31,2866412,2866238,-,175
Echiriqhuca,Lysine,RF00168,119.6,7.000000000000001e-31,2372915,2372741,-,175
Emexicanum,Lysine,RF00168,119.6,7.000000000000001e-31,2619563,2619389,-,175
E_sp_ZWU0009_fita,Lysine,RF00168,118.2,1.9e-30,220903,221091,+,189
E_enclense_NIO-1109,Lysine,RF00168,118.2,1.9e-30,2037659,2037847,+,189
E_sp_MH3,Lysine,RF00168,117.0,4.1e-30,173592,173780,+,189
E_indicum_HHS_31,Lysine,RF00168,117.0,4.1e-30,2168180,2167992,-,189
Ealkaliphilum_12_1,Lysine,RF00168,116.3,6.7e-30,90564,90740,+,177
E_sp_AT1b,Lysine,RF00168,115.2,1.3999999999999998e-29,2225988,2226162,+,175
E_profundum_PHM_11,Lysine,RF00168,115.2,1.3999999999999998e-29,2777929,2777755,-,175
E_sp_U13-1,Lysine,RF00168,114.0,3.0999999999999997e-29,640422,640610,+,189
E_acetylicum_DSM_20416,Lysine,RF00168,114.0,3.0999999999999997e-29,2935052,2935240,+,189
E_marinum_DSM_16307,Lysine,RF00168,110.4,3.7e-28,2706756,2706581,-,176
E_sibiricum_255-15,Lysine,RF00168,110.2,4.0000000000000003e-28,216092,216276,+,185
E_oxidotolerans_JCM_12280,Lysine,RF00168,110.0,4.7000000000000005e-28,2099893,2100071,+,179
E_sp_ZWU0009_fita,Lysine,RF00168,108.5,1.3e-27,540295,540472,+,178
E_sp_MH3,Lysine,RF00168,108.5,1.3e-27,493677,493854,+,178
E_antarcticum_dsm14480,Lysine,RF00168,108.2,1.6000000000000001e-27,1768103,1768287,+,185
E_sibiricum_255-15,Lysine,RF00168,107.8,2.2000000000000002e-27,2963330,2963505,+,176
E_acetylicum_DSM_20416,Lysine,RF00168,107.4,2.8e-27,99585,99762,+,178
E_enclense_NIO-1109,Lysine,RF00168,107.4,2.8e-27,2605142,2605319,+,178
E_indicum_HHS_31,Lysine,RF00168,107.4,2.8e-27,2786894,2786717,-,178
E_sp_U13-1,Lysine,RF00168,107.3,3e-27,976455,976632,+,178
E_antarcticum_dsm14480,Lysine,RF00168,106.7,4.4000000000000005e-27,1477573,1477748,+,176
E_oxidotolerans_JCM_12280,Lysine,RF00168,106.5,5e-27,1489472,1489647,+,176
E_acetylicum_DSM_20416,Lysine,RF00168,105.1,1.3e-26,2650235,2650413,+,179
E_sp_U13-1,Lysine,RF00168,104.7,1.8e-26,351356,351534,+,179
E_sp_ZWU0009_fita,Lysine,RF00168,104.7,1.8e-26,3175446,3175624,+,179
E_enclense_NIO-1109,Lysine,RF00168,104.5,1.9999999999999998e-26,2381909,2381731,-,179
E_antarcticum_dsm14480,Lysine,RF00168,103.9,3e-26,2200471,2200648,+,178
E_sibiricum_255-15,Lysine,RF00168,102.5,7.6e-26,518807,518985,+,179
E_indicum_HHS_31,Lysine,RF00168,102.0,9.999999999999999e-26,2459368,2459190,-,179
E_oxidotolerans_JCM_12280,Lysine,RF00168,100.8,2.4e-25,1785327,1785511,+,185
Emexicanum,Lysine,RF00168,99.7,5e-25,2631652,2631472,-,181
E_sp_AT1b,Lysine,RF00168,99.3,6.5e-25,2213947,2214126,+,180
E_profundum_PHM_11,Lysine,RF00168,98.9,8.799999999999999e-25,2790476,2790297,-,180
Ealkaliphilum_12_1,Lysine,RF00168,98.1,1.4999999999999998e-24,77753,77933,+,181
Eaurantiacum,Lysine,RF00168,97.4,2.4e-24,2879234,2879054,-,181
E_marinum_DSM_16307,Lysine,RF00168,97.3,2.5999999999999996e-24,2718796,2718617,-,180
Echiriqhuca,Lysine,RF00168,97.1,2.9e-24,2385006,2384826,-,181
E_oxidotolerans_JCM_12280,Bacteria_small_SRP,RF00169,73.3,1.2e-15,1591958,1592057,+,100
E_sibiricum_255-15,Bacteria_small_SRP,RF00169,72.1,2.6e-15,26320,26419,+,100
E_antarcticum_dsm14480,Bacteria_small_SRP,RF00169,71.6,3.6e-15,1576215,1576314,+,100
E_sp_MH3,Bacteria_small_SRP,RF00169,69.7,1.3e-14,3155532,3155631,+,100
E_sp_U13-1,Bacteria_small_SRP,RF00169,69.7,1.3e-14,453403,453502,+,100
E_sp_ZWU0009_fita,Bacteria_small_SRP,RF00169,69.7,1.3e-14,26267,26366,+,100
E_acetylicum_DSM_20416,Bacteria_small_SRP,RF00169,69.7,1.3e-14,2745870,2745969,+,100
E_enclense_NIO-1109,Bacteria_small_SRP,RF00169,69.7,1.3e-14,10786,10885,+,100
E_indicum_HHS_31,Bacteria_small_SRP,RF00169,69.7,1.3e-14,306707,306608,-,100
E_sp_AT1b,Bacteria_small_SRP,RF00169,69.5,1.5e-14,1670999,1670899,-,101
E_marinum_DSM_16307,Bacteria_small_SRP,RF00169,69.5,1.5e-14,453196,453296,+,101
E_profundum_PHM_11,Bacteria_small_SRP,RF00169,69.5,1.5e-14,467715,467815,+,101
Ealkaliphilum_12_1,Bacteria_small_SRP,RF00169,68.8,2.3e-14,2813876,2813776,-,101
Eaurantiacum,Bacteria_small_SRP,RF00169,68.8,2.3e-14,505363,505463,+,101
Echiriqhuca,Bacteria_small_SRP,RF00169,68.8,2.3e-14,2904373,2904473,+,101
Emexicanum,Bacteria_small_SRP,RF00169,68.8,2.3e-14,2920997,2920897,-,101
E_oxidotolerans_JCM_12280,T-box,RF00230,144.4,3.5e-33,571764,571972,+,209
E_sibiricum_255-15,T-box,RF00230,138.5,1.2e-31,2011179,2011383,+,205
E_antarcticum_dsm14480,T-box,RF00230,138.3,1.3e-31,532572,532349,-,224
Emexicanum,T-box,RF00230,137.7,1.7999999999999998e-31,307176,306969,-,208
Echiriqhuca,T-box,RF00230,137.3,2.4e-31,255387,255611,+,225
Emexicanum,T-box,RF00230,136.7,3.3999999999999997e-31,1968399,1968175,-,225
Echiriqhuca,T-box,RF00230,136.7,3.5e-31,1888432,1888639,+,208
E_sibiricum_255-15,T-box,RF00230,135.2,8.4e-31,2041455,2041232,-,224
E_sp_AT1b,T-box,RF00230,134.5,1.3000000000000001e-30,1419966,1419738,-,229
E_profundum_PHM_11,T-box,RF00230,134.5,1.3000000000000001e-30,691915,692143,+,229
E_oxidotolerans_JCM_12280,T-box,RF00230,134.2,1.5000000000000001e-30,601676,601454,-,223
E_sibiricum_255-15,T-box,RF00230,133.4,2.4000000000000002e-30,971614,971846,+,233
E_antarcticum_dsm14480,T-box,RF00230,132.7,3.6e-30,504419,504623,+,205
Echiriqhuca,T-box,RF00230,132.3,4.7000000000000004e-30,1984962,1984743,-,220
E_sp_MH3,T-box,RF00230,131.8,6.3000000000000005e-30,2117362,2117567,+,206
E_indicum_HHS_31,T-box,RF00230,131.8,6.3000000000000005e-30,1725016,1725221,+,206
E_sp_U13-1,T-box,RF00230,131.4,7.999999999999999e-30,2607599,2607804,+,206
E_sp_ZWU0009_fita,T-box,RF00230,131.4,7.999999999999999e-30,2209527,2209732,+,206
E_acetylicum_DSM_20416,T-box,RF00230,131.3,8.4e-30,1687139,1686934,-,206
E_profundum_PHM_11,T-box,RF00230,130.3,1.5999999999999999e-29,2313729,2313937,+,209
E_profundum_PHM_11,T-box,RF00230,130.3,1.5999999999999999e-29,2407844,2407623,-,222
Ealkaliphilum_12_1,T-box,RF00230,129.9,2.0000000000000002e-29,2259300,2259529,+,230
E_enclense_NIO-1109,T-box,RF00230,129.8,2.1e-29,770706,770501,-,206
E_antarcticum_dsm14480,T-box,RF00230,129.7,2.3e-29,2655803,2656035,+,233
E_marinum_DSM_16307,T-box,RF00230,129.7,2.3e-29,691417,691645,+,229
E_sp_U13-1,T-box,RF00230,129.5,2.5e-29,2637151,2636930,-,222
E_sp_ZWU0009_fita,T-box,RF00230,129.5,2.5e-29,2239080,2238859,-,222
E_acetylicum_DSM_20416,T-box,RF00230,129.5,2.5e-29,1739790,1739569,-,222
Eaurantiacum,T-box,RF00230,129.5,2.5e-29,2383893,2384101,+,209
E_marinum_DSM_16307,T-box,RF00230,129.2,2.8999999999999997e-29,2337870,2337649,-,222
Ealkaliphilum_12_1,T-box,RF00230,128.7,4.1e-29,2710449,2710241,-,209
E_sp_MH3,T-box,RF00230,128.3,5.1e-29,2146912,2146691,-,222
E_enclense_NIO-1109,T-box,RF00230,128.3,5.1e-29,741156,741377,+,222
E_indicum_HHS_31,T-box,RF00230,128.3,5.1e-29,1754564,1754343,-,222
Echiriqhuca,T-box,RF00230,128.1,5.9e-29,255107,255336,+,230
E_oxidotolerans_JCM_12280,T-box,RF00230,127.8,6.7e-29,2597546,2597780,+,235
E_oxidotolerans_JCM_12280,T-box,RF00230,127.6,7.9e-29,2597833,2598079,+,247
Eaurantiacum,T-box,RF00230,127.5,8.1e-29,763050,763280,+,231
Ealkaliphilum_12_1,T-box,RF00230,127.4,8.8e-29,2259023,2259252,+,230
Emexicanum,T-box,RF00230,127.0,1.1000000000000002e-28,1968679,1968450,-,230
E_sp_AT1b,T-box,RF00230,126.8,1.3000000000000002e-28,2613766,2613987,+,222
Ealkaliphilum_12_1,T-box,RF00230,126.8,1.3000000000000002e-28,1404585,1404362,-,224
Eaurantiacum,T-box,RF00230,126.8,1.3000000000000002e-28,763332,763565,+,234
Ealkaliphilum_12_1,T-box,RF00230,126.7,1.3000000000000002e-28,2188619,2188827,+,209
Emexicanum,T-box,RF00230,126.6,1.4000000000000001e-28,212043,212263,+,221
E_marinum_DSM_16307,T-box,RF00230,126.6,1.4000000000000001e-28,448960,449168,+,209
E_acetylicum_DSM_20416,T-box,RF00230,126.4,1.6000000000000001e-28,1938515,1938293,-,223
E_sp_AT1b,T-box,RF00230,126.3,1.7000000000000003e-28,2707931,2707724,-,208
Eaurantiacum,T-box,RF00230,126.1,1.9000000000000003e-28,1449372,1449588,+,217
E_marinum_DSM_16307,T-box,RF00230,125.7,2.5e-28,2233823,2234030,+,208
Eaurantiacum,T-box,RF00230,125.6,2.6000000000000004e-28,2483109,2482886,-,224
Ealkaliphilum_12_1,T-box,RF00230,125.4,2.9e-28,344779,344995,+,217
E_sp_U13-1,T-box,RF00230,125.2,3.2000000000000003e-28,1425712,1425963,+,252
E_sp_ZWU0009_fita,T-box,RF00230,125.2,3.2000000000000003e-28,988622,988873,+,252
E_acetylicum_DSM_20416,T-box,RF00230,125.2,3.2000000000000003e-28,536547,536798,+,252
E_sibiricum_255-15,T-box,RF00230,125.1,3.3e-28,2202587,2202386,-,202
E_sp_ZWU0009_fita,T-box,RF00230,125.0,3.6000000000000003e-28,2437863,2437641,-,223
E_sp_AT1b,T-box,RF00230,124.2,5.9e-28,1675234,1675026,-,209
E_sp_MH3,T-box,RF00230,124.1,6e-28,940983,941234,+,252
E_enclense_NIO-1109,T-box,RF00230,124.1,6e-28,1553246,1553497,+,252
E_indicum_HHS_31,T-box,RF00230,124.1,6e-28,592841,593092,+,252
Echiriqhuca,T-box,RF00230,124.0,6.4000000000000005e-28,2897737,2897944,+,208
Emexicanum,T-box,RF00230,124.0,6.4000000000000005e-28,2926338,2926131,-,208
Eaurantiacum,T-box,RF00230,124.0,6.4000000000000005e-28,500037,500245,+,209
E_profundum_PHM_11,T-box,RF00230,124.0,6.6e-28,463568,463776,+,209
E_enclense_NIO-1109,T-box,RF00230,123.9,6.900000000000001e-28,548685,548907,+,223
E_indicum_HHS_31,T-box,RF00230,123.7,7.600000000000001e-28,50594,50372,-,223
E_oxidotolerans_JCM_12280,T-box,RF00230,123.7,7.800000000000001e-28,804874,804652,-,223
Emexicanum,T-box,RF00230,123.6,8.4e-28,1270677,1270459,-,219
E_antarcticum_dsm14480,T-box,RF00230,123.3,9.700000000000002e-28,735722,735501,-,222
E_sp_U13-1,T-box,RF00230,123.3,1e-27,2835788,2835566,-,223
E_antarcticum_dsm14480,T-box,RF00230,123.2,1e-27,690393,690190,-,204
E_sp_AT1b,T-box,RF00230,123.2,1.1000000000000001e-27,381531,381260,-,272
E_marinum_DSM_16307,T-box,RF00230,122.5,1.6000000000000001e-27,691694,691921,+,228
E_sp_AT1b,T-box,RF00230,122.5,1.6000000000000001e-27,1419689,1419462,-,228
Echiriqhuca,T-box,RF00230,121.9,2.3e-27,918601,918819,+,219
E_marinum_DSM_16307,T-box,RF00230,120.9,4.2e-27,1335398,1335613,+,216
E_profundum_PHM_11,T-box,RF00230,120.8,4.5e-27,692192,692419,+,228
E_marinum_DSM_16307,T-box,RF00230,120.8,4.5e-27,165099,164888,-,212
E_sp_AT1b,T-box,RF00230,120.6,5.1e-27,1988392,1988603,+,212
Ealkaliphilum_12_1,T-box,RF00230,120.5,5.2e-27,385682,385879,+,198
E_sp_MH3,T-box,RF00230,120.4,5.5e-27,2339070,2338848,-,223
E_profundum_PHM_11,T-box,RF00230,120.0,7.2e-27,154018,153807,-,212
E_sp_MH3,T-box,RF00230,119.4,9.9e-27,589042,589289,+,248
E_sp_U13-1,T-box,RF00230,119.4,9.9e-27,1074209,1074456,+,248
E_sp_ZWU0009_fita,T-box,RF00230,119.4,9.9e-27,635561,635808,+,248
E_enclense_NIO-1109,T-box,RF00230,119.4,9.9e-27,2700488,2700735,+,248
E_indicum_HHS_31,T-box,RF00230,119.4,9.9e-27,2691510,2691263,-,248
E_acetylicum_DSM_20416,T-box,RF00230,119.4,9.999999999999999e-27,194617,194864,+,248
Echiriqhuca,T-box,RF00230,119.4,9.999999999999999e-27,598127,597904,-,224
E_indicum_HHS_31,T-box,RF00230,118.7,1.6e-26,956812,957057,+,246
E_sp_AT1b,T-box,RF00230,118.3,1.9e-26,188200,187947,-,254
E_sp_AT1b,T-box,RF00230,118.3,1.9999999999999998e-26,689252,689037,-,216
E_profundum_PHM_11,T-box,RF00230,118.3,1.9999999999999998e-26,1378015,1378230,+,216
E_profundum_PHM_11,T-box,RF00230,118.1,2.2e-26,2347416,2347182,-,235
E_sp_MH3,T-box,RF00230,118.1,2.2e-26,1348603,1348848,+,246
Eaurantiacum,T-box,RF00230,118.1,2.3e-26,2420977,2420742,-,236
E_sp_U13-1,T-box,RF00230,117.9,2.4e-26,2793848,2793642,-,207
E_sp_ZWU0009_fita,T-box,RF00230,117.9,2.4e-26,2395762,2395556,-,207
E_acetylicum_DSM_20416,T-box,RF00230,117.9,2.4e-26,1896431,1896225,-,207
E_sibiricum_255-15,T-box,RF00230,117.8,2.6e-26,971894,972137,+,244
E_sibiricum_255-15,T-box,RF00230,117.4,3.4e-26,2244862,2244640,-,223
Ealkaliphilum_12_1,T-box,RF00230,117.3,3.5e-26,2675496,2675731,+,236
Echiriqhuca,T-box,RF00230,117.2,3.6e-26,1925591,1925357,-,235
E_indicum_HHS_31,T-box,RF00230,116.9,4.5e-26,593141,593390,+,250
E_sp_ZWU0009_fita,T-box,RF00230,116.8,4.7e-26,1383827,1384072,+,246
E_sp_AT1b,T-box,RF00230,116.5,5.8e-26,2674238,2674472,+,235
E_enclense_NIO-1109,T-box,RF00230,116.5,5.8e-26,1915036,1915281,+,246
Eaurantiacum,T-box,RF00230,116.4,6e-26,1488930,1489127,+,198
Ealkaliphilum_12_1,T-box,RF00230,116.4,6.2e-26,2452095,2452326,+,232
Echiriqhuca,T-box,RF00230,116.2,7e-26,957936,958133,+,198
E_sp_MH3,T-box,RF00230,116.1,7.2e-26,1078902,1079106,+,205
E_enclense_NIO-1109,T-box,RF00230,116.1,7.2e-26,1691580,1691784,+,205
E_indicum_HHS_31,T-box,RF00230,116.1,7.2e-26,730949,731153,+,205
Eaurantiacum,T-box,RF00230,116.1,7.2e-26,1106033,1105802,-,232
E_oxidotolerans_JCM_12280,T-box,RF00230,115.8,8.5e-26,2194254,2194514,+,261
Emexicanum,T-box,RF00230,115.8,8.7e-26,1231292,1231095,-,198
E_marinum_DSM_16307,T-box,RF00230,115.8,8.8e-26,2267544,2267310,-,235
E_profundum_PHM_11,T-box,RF00230,115.0,1.4e-25,1890657,1890909,+,253
E_antarcticum_dsm14480,T-box,RF00230,115.0,1.4e-25,2656083,2656327,+,245
Emexicanum,T-box,RF00230,114.8,1.5999999999999998e-25,271240,271475,+,236
E_marinum_DSM_16307,T-box,RF00230,114.6,1.7e-25,1000213,999982,-,232
E_marinum_DSM_16307,T-box,RF00230,114.1,2.3e-25,1814513,1814766,+,254
E_enclense_NIO-1109,T-box,RF00230,114.0,2.5e-25,1553546,1553794,+,249
E_acetylicum_DSM_20416,T-box,RF00230,113.7,3.1e-25,909480,909725,+,246
E_sibiricum_255-15,T-box,RF00230,113.5,3.3e-25,615986,616245,+,260
E_sp_MH3,T-box,RF00230,113.2,4.1e-25,2297201,2296997,-,205
E_enclense_NIO-1109,T-box,RF00230,113.2,4.1e-25,590522,590726,+,205
E_indicum_HHS_31,T-box,RF00230,113.2,4.1e-25,7923,7719,-,205
E_sp_U13-1,T-box,RF00230,113.1,4.2e-25,1563375,1563579,+,205
E_sp_ZWU0009_fita,T-box,RF00230,113.1,4.2e-25,1141554,1141758,+,205
Ealkaliphilum_12_1,T-box,RF00230,113.0,4.6e-25,1664894,1664681,-,214
Echiriqhuca,T-box,RF00230,112.9,5e-25,2590061,2589849,-,213
E_profundum_PHM_11,T-box,RF00230,112.6,5.8e-25,1011083,1010852,-,232
E_oxidotolerans_JCM_12280,T-box,RF00230,112.5,6e-25,1668368,1668585,+,218
E_acetylicum_DSM_20416,T-box,RF00230,112.5,6.3e-25,673512,673716,+,205
E_marinum_DSM_16307,T-box,RF00230,112.5,6.3e-25,1375653,1375854,+,202
E_sp_ZWU0009_fita,T-box,RF00230,112.4,6.699999999999999e-25,988922,989171,+,250
Emexicanum,T-box,RF00230,112.1,7.999999999999999e-25,1595782,1596014,+,233
E_oxidotolerans_JCM_12280,T-box,RF00230,112.0,8.1e-25,761947,761745,-,203
Eaurantiacum,T-box,RF00230,111.8,9.2e-25,175051,174840,-,212
E_sp_U13-1,T-box,RF00230,111.5,1.0999999999999998e-24,1426012,1426261,+,250
E_acetylicum_DSM_20416,T-box,RF00230,111.5,1.0999999999999998e-24,536847,537096,+,250
Emexicanum,T-box,RF00230,111.5,1.0999999999999998e-24,2420873,2421085,+,213
E_sp_AT1b,T-box,RF00230,111.2,1.2999999999999998e-24,1093590,1093821,+,232
E_sp_MH3,T-box,RF00230,110.9,1.5999999999999999e-24,941283,941532,+,250
Emexicanum,T-box,RF00230,110.7,1.7999999999999997e-24,2394124,2394319,+,196
E_sp_U13-1,T-box,RF00230,110.6,1.8999999999999998e-24,1799305,1799550,+,246
E_oxidotolerans_JCM_12280,T-box,RF00230,110.4,2.1999999999999996e-24,1587235,1587444,+,210
E_antarcticum_dsm14480,T-box,RF00230,110.0,2.7999999999999998e-24,2297410,2297669,+,260
E_profundum_PHM_11,T-box,RF00230,109.9,2.7999999999999998e-24,1418961,1419158,+,198
E_sp_AT1b,T-box,RF00230,109.3,4.0000000000000004e-24,648307,648110,-,198
Eaurantiacum,T-box,RF00230,108.3,7.599999999999999e-24,2805683,2805442,-,242
Ealkaliphilum_12_1,T-box,RF00230,107.7,1.0000000000000001e-23,1161201,1160960,-,242
E_antarcticum_dsm14480,T-box,RF00230,107.6,1.1e-23,1652803,1653020,+,218
E_marinum_DSM_16307,T-box,RF00230,107.3,1.3e-23,1639014,1639285,+,272
E_sp_U13-1,T-box,RF00230,106.9,1.8e-23,448650,448857,+,208
E_sp_ZWU0009_fita,T-box,RF00230,106.9,1.8e-23,21515,21722,+,208
E_acetylicum_DSM_20416,T-box,RF00230,106.9,1.8e-23,2741119,2741326,+,208
E_antarcticum_dsm14480,T-box,RF00230,106.4,2.3e-23,1358781,1358560,-,222
Echiriqhuca,T-box,RF00230,106.1,2.8000000000000003e-23,2618634,2618438,-,197
E_enclense_NIO-1109,T-box,RF00230,106.0,2.9e-23,6034,6241,+,208
E_sibiricum_255-15,T-box,RF00230,106.0,3e-23,21601,21809,+,209
E_sp_MH3,T-box,RF00230,105.9,3.1e-23,3150780,3150987,+,208
E_indicum_HHS_31,T-box,RF00230,105.9,3.1e-23,311457,311250,-,208
Ealkaliphilum_12_1,T-box,RF00230,105.8,3.2000000000000003e-23,1691589,1691392,-,198
E_sp_U13-1,T-box,RF00230,104.6,6.7e-23,236160,235942,-,219
E_sp_ZWU0009_fita,T-box,RF00230,104.6,6.7e-23,3060184,3059966,-,219
E_profundum_PHM_11,T-box,RF00230,104.6,6.7e-23,529796,530003,+,208
Emexicanum,T-box,RF00230,104.5,7.1e-23,2564074,2563833,-,242
E_oxidotolerans_JCM_12280,T-box,RF00230,104.4,7.8e-23,2741139,2741342,+,204
Echiriqhuca,T-box,RF00230,104.1,9.2e-23,2320013,2319772,-,242
E_acetylicum_DSM_20416,T-box,RF00230,104.0,9.5e-23,2535468,2535250,-,219
E_sp_AT1b,T-box,RF00230,103.7,1.2e-22,2277937,2278177,+,241
Eaurantiacum,T-box,RF00230,103.5,1.3e-22,578493,578696,+,204
Eaurantiacum,T-box,RF00230,103.5,1.3e-22,205271,205074,-,198
E_profundum_PHM_11,T-box,RF00230,102.9,1.8000000000000001e-22,181259,181066,-,194
E_indicum_HHS_31,T-box,RF00230,102.9,1.9e-22,2579485,2579703,+,219
E_antarcticum_dsm14480,T-box,RF00230,102.9,1.9e-22,405486,405256,-,231
E_marinum_DSM_16307,T-box,RF00230,102.3,2.6e-22,192350,192157,-,194
Emexicanum,T-box,RF00230,102.1,2.9e-22,2830992,2830789,-,204
E_profundum_PHM_11,T-box,RF00230,101.9,3.3e-22,2723441,2723201,-,241
E_sp_AT1b,T-box,RF00230,101.8,3.6000000000000003e-22,1598269,1598062,-,208
Echiriqhuca,T-box,RF00230,101.6,4.1000000000000004e-22,58463,58666,+,204
Ealkaliphilum_12_1,T-box,RF00230,101.5,4.2e-22,1946443,1946646,+,204
E_sibiricum_255-15,T-box,RF00230,101.5,4.4e-22,1113149,1113352,+,204
E_sp_AT1b,T-box,RF00230,101.4,4.4e-22,1961170,1961364,+,195
E_sp_U13-1,T-box,RF00230,100.8,6.6e-22,529701,529919,+,219
E_sp_ZWU0009_fita,T-box,RF00230,100.8,6.6e-22,108168,108386,+,219
E_acetylicum_DSM_20416,T-box,RF00230,100.8,6.6e-22,2822227,2822445,+,219
E_oxidotolerans_JCM_12280,T-box,RF00230,100.6,7.200000000000001e-22,1366854,1366634,-,221
E_sp_MH3,T-box,RF00230,100.5,7.7e-22,2942507,2942290,-,218
E_enclense_NIO-1109,T-box,RF00230,100.5,7.7e-22,2501574,2501791,+,218
E_marinum_DSM_16307,T-box,RF00230,100.4,8.300000000000001e-22,519017,519223,+,207
E_sp_MH3,T-box,RF00230,100.2,9.1e-22,69644,69862,+,219
E_enclense_NIO-1109,T-box,RF00230,100.2,9.1e-22,3166406,3166624,+,219
E_indicum_HHS_31,T-box,RF00230,100.2,9.1e-22,105978,105760,-,219
E_sibiricum_255-15,T-box,RF00230,100.1,1e-21,2027068,2026851,-,218
E_sp_U13-1,T-box,RF00230,100.1,1e-21,1897611,1897355,-,257
E_marinum_DSM_16307,T-box,RF00230,99.8,1.2e-21,2652410,2652170,-,241
E_sp_MH3,T-box,RF00230,99.6,1.3e-21,1315134,1315379,+,246
E_antarcticum_dsm14480,T-box,RF00230,99.4,1.5e-21,1571495,1571704,+,210
E_sp_ZWU0009_fita,T-box,RF00230,99.2,1.7e-21,1343341,1343586,+,246
E_acetylicum_DSM_20416,T-box,RF00230,99.2,1.7e-21,873534,873779,+,246
E_enclense_NIO-1109,T-box,RF00230,99.2,1.7e-21,2824636,2824380,-,257
E_sp_U13-1,T-box,RF00230,99.1,1.8e-21,2686943,2686714,-,230
E_sp_ZWU0009_fita,T-box,RF00230,99.1,1.8e-21,2288856,2288627,-,230
E_acetylicum_DSM_20416,T-box,RF00230,99.1,1.8e-21,1789578,1789349,-,230
E_sp_MH3,T-box,RF00230,98.9,2e-21,1423345,1423089,-,257
E_indicum_HHS_31,T-box,RF00230,98.9,2e-21,1026749,1026493,-,257
E_antarcticum_dsm14480,T-box,RF00230,98.7,2.3e-21,2802212,2802415,+,204
E_enclense_NIO-1109,T-box,RF00230,98.4,2.8e-21,755462,755672,+,211
E_sp_U13-1,T-box,RF00230,98.3,2.9e-21,1766874,1767119,+,246
E_sp_U13-1,T-box,RF00230,98.1,3.2e-21,2996187,2995950,-,238
E_acetylicum_DSM_20416,T-box,RF00230,98.1,3.2e-21,2105178,2104941,-,238
E_sibiricum_255-15,T-box,RF00230,97.6,4.4e-21,1912948,1912721,-,228
E_sibiricum_255-15,T-box,RF00230,97.1,5.8e-21,2846485,2846264,-,222
E_sp_MH3,T-box,RF00230,96.9,6.6e-21,2506599,2506362,-,238
E_sp_MH3,T-box,RF00230,96.5,8.2e-21,2132607,2132397,-,211
E_sp_U13-1,T-box,RF00230,96.5,8.2e-21,2622845,2622635,-,211
E_sp_ZWU0009_fita,T-box,RF00230,96.5,8.2e-21,2224773,2224563,-,211
E_acetylicum_DSM_20416,T-box,RF00230,96.5,8.2e-21,1725483,1725273,-,211
E_indicum_HHS_31,T-box,RF00230,96.5,8.2e-21,1740260,1740050,-,211
E_indicum_HHS_31,T-box,RF00230,96.4,8.8e-21,2262418,2262181,-,238
E_sibiricum_255-15,T-box,RF00230,96.3,9.4e-21,102812,103029,+,218
E_sp_ZWU0009_fita,T-box,RF00230,96.2,9.9e-21,1526461,1526205,-,257
E_acetylicum_DSM_20416,T-box,RF00230,96.2,9.9e-21,1012865,1012609,-,257
E_sp_MH3,T-box,RF00230,95.9,1.2e-20,2196635,2196406,-,230
E_marinum_DSM_16307,T-box,RF00230,95.1,1.9e-20,2132788,2132568,-,221
E_enclense_NIO-1109,T-box,RF00230,94.8,2.4e-20,388263,388500,+,238
E_oxidotolerans_JCM_12280,T-box,RF00230,94.6,2.6e-20,470857,470631,-,227
E_profundum_PHM_11,T-box,RF00230,94.5,2.8e-20,2209036,2208817,-,220
E_enclense_NIO-1109,T-box,RF00230,94.1,3.6e-20,691227,691456,+,230
E_indicum_HHS_31,T-box,RF00230,94.1,3.6e-20,1804259,1804030,-,230
E_sp_AT1b,T-box,RF00230,93.8,4.1e-20,2808683,2808902,+,220
E_antarcticum_dsm14480,T-box,RF00230,93.7,4.4e-20,518171,517953,-,219
E_antarcticum_dsm14480,T-box,RF00230,93.3,5.7e-20,582391,582160,-,232
E_oxidotolerans_JCM_12280,glmS,RF00234,112.0,1.6e-26,1725262,1725421,+,160
E_marinum_DSM_16307,glmS,RF00234,106.8,4.1e-25,29551,29400,-,152
Eaurantiacum,glmS,RF00234,106.6,4.7e-25,52411,52260,-,152
Echiriqhuca,glmS,RF00234,106.2,6.099999999999999e-25,2468503,2468353,-,151
Ealkaliphilum_12_1,glmS,RF00234,106.0,7.1e-25,1050657,1050809,+,153
Emexicanum,glmS,RF00234,105.5,9.9e-25,2758851,2759001,+,151
E_antarcticum_dsm14480,glmS,RF00234,105.3,1.0999999999999998e-24,1710368,1710529,+,162
E_profundum_PHM_11,glmS,RF00234,105.2,1.0999999999999998e-24,32007,31856,-,152
Ealkaliphilum_12_1,glmS,RF00234,105.0,1.2999999999999998e-24,1382707,1382555,-,153
E_sp_AT1b,glmS,RF00234,104.8,1.4999999999999998e-24,2131390,2131541,+,152
Eaurantiacum,glmS,RF00234,104.7,1.5999999999999999e-24,634035,634186,+,152
E_sp_AT1b,glmS,RF00234,100.0,3.2000000000000003e-23,1542761,1542610,-,152
E_profundum_PHM_11,glmS,RF00234,99.5,4.2e-23,579930,580081,+,152
E_marinum_DSM_16307,glmS,RF00234,99.3,4.8e-23,575015,575166,+,152
E_sibiricum_255-15,glmS,RF00234,98.6,7.5e-23,159274,159433,+,160
E_indicum_HHS_31,glmS,RF00234,98.5,7.8e-23,236095,235935,-,161
E_sp_MH3,glmS,RF00234,98.0,1.1e-22,125681,125841,+,161
E_sp_ZWU0009_fita,glmS,RF00234,97.8,1.2e-22,164385,164545,+,161
E_acetylicum_DSM_20416,glmS,RF00234,97.8,1.2e-22,2878407,2878567,+,161
E_enclense_NIO-1109,glmS,RF00234,97.2,1.8000000000000001e-22,1975185,1975345,+,161
E_sp_U13-1,glmS,RF00234,96.2,3.4000000000000003e-22,585920,586080,+,161
Echiriqhuca,glmS,RF00234,84.2,6.8e-19,114044,114190,+,147
Emexicanum,glmS,RF00234,84.1,7.2e-19,2100281,2100135,-,147
E_sp_U13-1,ydaO-yuaA,RF00379,101.1,1.4000000000000002e-23,3125227,3125074,-,154
E_sp_ZWU0009_fita,ydaO-yuaA,RF00379,101.1,1.4000000000000002e-23,2728458,2728305,-,154
E_acetylicum_DSM_20416,ydaO-yuaA,RF00379,101.1,1.4000000000000002e-23,2220322,2220169,-,154
E_sp_MH3,ydaO-yuaA,RF00379,100.2,2.4e-23,2625053,2624900,-,154
E_oxidotolerans_JCM_12280,ydaO-yuaA,RF00379,99.7,3.4e-23,1082638,1082487,-,152
E_sibiricum_255-15,ydaO-yuaA,RF00379,99.0,5e-23,2525926,2525774,-,153
E_enclense_NIO-1109,ydaO-yuaA,RF00379,98.7,6.1e-23,269594,269747,+,154
E_indicum_HHS_31,ydaO-yuaA,RF00379,98.7,6.1e-23,2380928,2380775,-,154
E_sp_AT1b,ydaO-yuaA,RF00379,94.9,6.9e-22,1228128,1227986,-,143
E_profundum_PHM_11,ydaO-yuaA,RF00379,94.9,6.9e-22,870517,870659,+,143
E_sibiricum_255-15,Glycine,RF00504,51.9,1.5e-08,2993129,2993054,-,76
E_oxidotolerans_JCM_12280,Glycine,RF00504,51.7,1.6e-08,1517046,1516970,-,77
E_antarcticum_dsm14480,Glycine,RF00504,51.3,2e-08,1506654,1506579,-,76
E_sp_U13-1,Glycine,RF00504,51.0,2.5e-08,380871,380794,-,78
E_sp_ZWU0009_fita,Glycine,RF00504,51.0,2.5e-08,3204960,3204883,-,78
E_sp_MH3,Glycine,RF00504,50.0,4.5e-08,3089468,3089391,-,78
E_acetylicum_DSM_20416,Glycine,RF00504,50.0,4.5e-08,2679742,2679665,-,78
E_enclense_NIO-1109,Glycine,RF00504,50.0,4.5e-08,2352301,2352378,+,78
E_indicum_HHS_31,Glycine,RF00504,50.0,4.5e-08,2429762,2429839,+,78
Echiriqhuca,PyrR,RF00515,57.4,1.5e-05,1782561,1782426,-,136
Emexicanum,PyrR,RF00515,57.4,1.5e-05,416923,417058,+,136
Ealkaliphilum_12_1,PyrR,RF00515,57.2,1.6e-05,633445,633580,+,136
E_profundum_PHM_11,PyrR,RF00515,55.8,2.9e-05,2204558,2204422,-,137
E_sp_U13-1,PyrR,RF00515,54.5,4.9e-05,2503738,2503603,-,136
E_sp_ZWU0009_fita,PyrR,RF00515,54.5,4.9e-05,2106965,2106830,-,136
E_acetylicum_DSM_20416,PyrR,RF00515,54.5,4.9e-05,1605077,1604942,-,136
Eaurantiacum,PyrR,RF00515,54.4,5.2e-05,2271858,2271724,-,135
Emexicanum,PyrR,RF00515,54.2,5.6e-05,418960,419069,+,110
Echiriqhuca,L10_leader,RF00557,56.3,1.5e-06,65905,66058,+,154
E_sp_MH3,L10_leader,RF00557,56.0,1.8e-06,77073,77224,+,152
E_sp_U13-1,L10_leader,RF00557,56.0,1.8e-06,537131,537282,+,152
E_sp_ZWU0009_fita,L10_leader,RF00557,56.0,1.8e-06,115598,115749,+,152
E_acetylicum_DSM_20416,L10_leader,RF00557,56.0,1.8e-06,2829656,2829807,+,152
E_enclense_NIO-1109,L10_leader,RF00557,56.0,1.8e-06,3173835,3173986,+,152
E_indicum_HHS_31,L10_leader,RF00557,56.0,1.8e-06,98549,98398,-,152
Emexicanum,L10_leader,RF00557,55.6,2.2e-06,2823567,2823414,-,154
E_oxidotolerans_JCM_12280,L10_leader,RF00557,54.9,2.9e-06,1675781,1675935,+,155
Ealkaliphilum_12_1,L10_leader,RF00557,54.7,3.2e-06,1953864,1954017,+,154
Eaurantiacum,L10_leader,RF00557,54.7,3.2e-06,585916,586069,+,154
E_sp_AT1b,L10_leader,RF00557,53.4,5.8e-06,1590846,1590693,-,154
E_marinum_DSM_16307,L10_leader,RF00557,53.4,5.8e-06,526439,526592,+,154
E_profundum_PHM_11,L10_leader,RF00557,53.4,5.8e-06,537219,537372,+,154
E_antarcticum_dsm14480,L10_leader,RF00557,52.9,7e-06,1660239,1660393,+,155
E_sibiricum_255-15,L10_leader,RF00557,50.4,2.2e-05,110244,110398,+,155
Eaurantiacum,L20_leader,RF00558,56.2,5.7e-09,1537341,1537484,+,144
Ealkaliphilum_12_1,L20_leader,RF00558,55.9,6.9e-09,433018,433160,+,143
Echiriqhuca,L20_leader,RF00558,54.3,1.7e-08,1007346,1007488,+,143
E_oxidotolerans_JCM_12280,L20_leader,RF00558,52.8,4e-08,712667,712521,-,147
Emexicanum,L20_leader,RF00558,52.7,4.2e-08,1183898,1183756,-,143
E_antarcticum_dsm14480,L20_leader,RF00558,51.7,7.3e-08,638727,638582,-,146
E_sibiricum_255-15,L20_leader,RF00558,51.2,9.9e-08,2151872,2151727,-,146
Echiriqhuca,L21_leader,RF00559,50.1,1.8e-07,1952110,1952039,-,72
E_profundum_PHM_11,c-di-GMP-I,RF01051,64.9,9.2e-11,911239,911153,-,87
E_antarcticum_dsm14480,c-di-GMP-I,RF01051,63.2,2.3e-10,1268264,1268347,+,84
E_sp_AT1b,c-di-GMP-I,RF01051,61.6,5.7e-10,1190640,1190725,+,86
E_sp_MH3,c-di-GMP-I,RF01051,60.8,8.9e-10,2678332,2678416,+,85
E_enclense_NIO-1109,c-di-GMP-I,RF01051,60.8,8.9e-10,216207,216123,-,85
E_indicum_HHS_31,c-di-GMP-I,RF01051,60.8,8.9e-10,2851058,2851142,+,85
E_oxidotolerans_JCM_12280,c-di-GMP-I,RF01051,60.6,9.7e-10,1142970,1143054,+,85
E_sp_AT1b,c-di-GMP-I,RF01051,59.1,2.3e-09,1052296,1052220,-,77
E_marinum_DSM_16307,c-di-GMP-I,RF01051,57.0,7e-09,1011717,1011793,+,77
E_sp_MH3,BsrC,RF01410,72.9,1.3e-11,2612818,2612903,+,86
E_sp_U13-1,BsrC,RF01410,72.9,1.3e-11,3112669,3112754,+,86
E_sp_ZWU0009_fita,BsrC,RF01410,72.9,1.3e-11,2715903,2715988,+,86
E_acetylicum_DSM_20416,BsrC,RF01410,72.9,1.3e-11,2207876,2207961,+,86
E_enclense_NIO-1109,BsrC,RF01410,72.9,1.3e-11,281830,281745,-,86
E_indicum_HHS_31,BsrC,RF01410,72.9,1.3e-11,2368693,2368778,+,86
E_sibiricum_255-15,BsrC,RF01410,72.4,1.7e-11,2513680,2513765,+,86
E_antarcticum_dsm14480,BsrC,RF01410,72.4,1.7e-11,1038243,1038328,+,86
E_oxidotolerans_JCM_12280,BsrC,RF01410,72.4,1.7e-11,1070199,1070284,+,86
E_sp_AT1b,BsrF,RF01411,61.0,2.5e-09,1779530,1779636,+,107
E_marinum_DSM_16307,BsrF,RF01411,61.0,2.5e-09,348519,348413,-,107
E_profundum_PHM_11,BsrF,RF01411,61.0,2.5e-09,358783,358677,-,107
Ealkaliphilum_12_1,BsrF,RF01411,60.9,2.6e-09,1860391,1860284,-,108
Eaurantiacum,BsrF,RF01411,60.9,2.6e-09,392867,392760,-,108
Echiriqhuca,BsrF,RF01411,58.3,1.1e-08,2794524,2794418,-,107
Emexicanum,BsrF,RF01411,58.3,1.1e-08,2198747,2198853,+,107
E_marinum_DSM_16307,rliD,RF01494,59.7,2e-14,2020023,2020260,+,238
E_sibiricum_255-15,pan,RF01749,63.2,2.1e-09,1742788,1742696,-,93
E_antarcticum_dsm14480,pan,RF01749,62.4,3.1e-09,233361,233269,-,93
E_sp_U13-1,pan,RF01749,59.4,1.5e-08,2338285,2338192,-,94
E_sp_ZWU0009_fita,pan,RF01749,59.4,1.5e-08,1941495,1941402,-,94
E_acetylicum_DSM_20416,pan,RF01749,59.4,1.5e-08,1439617,1439524,-,94
E_sp_MH3,pan,RF01749,59.2,1.7e-08,1848948,1848855,-,94
E_enclense_NIO-1109,pan,RF01749,59.2,1.7e-08,1039379,1039472,+,94
E_indicum_HHS_31,pan,RF01749,59.2,1.7e-08,1456623,1456530,-,94
E_profundum_PHM_11,pan,RF01749,56.2,7.8e-08,2043903,2043817,-,87
E_sp_AT1b,pan,RF01749,56.0,8.8e-08,2973809,2973895,+,87
E_marinum_DSM_16307,pan,RF01749,55.1,1.4e-07,1967154,1967068,-,87
Eaurantiacum,pan,RF01749,53.3,3.6e-07,2108828,2108742,-,87
Ealkaliphilum_12_1,pan,RF01749,52.7,5e-07,794960,795046,+,87
Echiriqhuca,pan,RF01749,52.5,5.4e-07,1621138,1621050,-,89
Emexicanum,pan,RF01749,52.4,5.7e-07,578567,578654,+,88
E_oxidotolerans_JCM_12280,pan,RF01749,51.7,8.3e-07,298482,298391,-,92
E_profundum_PHM_11,cspA,RF01766,260.6,2.9e-70,2848,2429,-,420
E_profundum_PHM_11,cspA,RF01766,118.6,9.900000000000001e-30,2621,2979,+,359
E_oxidotolerans_JCM_12280,cspA,RF01766,93.5,1.4000000000000002e-22,195137,195494,+,358
E_marinum_DSM_16307,cspA,RF01766,91.1,6.800000000000001e-22,1177536,1177869,+,334
Eaurantiacum,cspA,RF01766,89.6,1.8e-21,1288813,1289133,+,321
E_profundum_PHM_11,cspA,RF01766,87.9,5.5e-21,1219965,1220354,+,390
E_oxidotolerans_JCM_12280,cspA,RF01766,86.5,1.4e-20,196341,196695,+,355
Echiriqhuca,cspA,RF01766,86.4,1.5e-20,761292,761681,+,390
E_sp_AT1b,cspA,RF01766,83.8,8.4e-20,855219,854830,-,390
E_sibiricum_255-15,cspA,RF01766,83.0,1.4e-19,1644195,1644565,+,371
E_enclense_NIO-1109,cspA,RF01766,81.9,2.9e-19,1139156,1138801,-,356
E_sp_ZWU0009_fita,cspA,RF01766,81.9,2.9e-19,1839953,1840308,+,356
E_acetylicum_DSM_20416,cspA,RF01766,81.9,2.9e-19,1337309,1337664,+,356
E_oxidotolerans_JCM_12280,cspA,RF01766,81.8,3.1e-19,195940,196296,+,357
E_oxidotolerans_JCM_12280,cspA,RF01766,81.8,3.1e-19,195539,195895,+,357
E_sp_MH3,cspA,RF01766,81.7,3.2e-19,1749165,1749520,+,356
E_profundum_PHM_11,cspA,RF01766,81.4,4e-19,233061,232687,-,375
Ealkaliphilum_12_1,cspA,RF01766,81.1,4.7e-19,1230427,1230814,+,388
Ealkaliphilum_12_1,cspA,RF01766,81.1,4.7e-19,3048746,3049133,+,388
E_sp_U13-1,cspA,RF01766,80.7,6.2e-19,2237254,2237609,+,356
E_sibiricum_255-15,cspA,RF01766,79.9,1.1e-18,1645593,1645948,+,356
E_sibiricum_255-15,cspA,RF01766,79.0,1.9e-18,1644787,1645145,+,359
E_marinum_DSM_16307,cspA,RF01766,78.3,3e-18,254877,254519,-,359
E_sp_AT1b,cspA,RF01766,78.1,3.5e-18,1905768,1906125,+,358
Ealkaliphilum_12_1,c-di-GMP-II,RF01786,65.2,5e-13,1820051,1820135,+,85
Emexicanum,sok,RF01794,91.4,7.6e-19,3251555,3251714,+,160
Emexicanum,sok,RF01794,81.2,2.9e-16,3332815,3332662,-,154
E_marinum_DSM_16307,Bacteria_large_SRP,RF01854,193.7,3.5000000000000003e-34,453081,453348,+,268
Ealkaliphilum_12_1,Bacteria_large_SRP,RF01854,193.1,4.7e-34,2813992,2813724,-,269
Echiriqhuca,Bacteria_large_SRP,RF01854,192.3,6.8e-34,2904257,2904525,+,269
Emexicanum,Bacteria_large_SRP,RF01854,192.3,6.8e-34,2921113,2920845,-,269
Eaurantiacum,Bacteria_large_SRP,RF01854,190.8,1.4000000000000001e-33,505247,505515,+,269
E_sp_AT1b,Bacteria_large_SRP,RF01854,190.1,1.9e-33,1671114,1670847,-,268
E_profundum_PHM_11,Bacteria_large_SRP,RF01854,190.1,1.9e-33,467600,467867,+,268
E_sibiricum_255-15,Bacteria_large_SRP,RF01854,189.1,3e-33,26205,26471,+,267
E_oxidotolerans_JCM_12280,Bacteria_large_SRP,RF01854,188.5,3.9000000000000004e-33,1591843,1592109,+,267
E_antarcticum_dsm14480,Bacteria_large_SRP,RF01854,187.9,5e-33,1576100,1576366,+,267
E_sp_MH3,Bacteria_large_SRP,RF01854,182.9,4.999999999999999e-32,3155417,3155683,+,267
E_sp_U13-1,Bacteria_large_SRP,RF01854,182.9,4.999999999999999e-32,453288,453554,+,267
E_sp_ZWU0009_fita,Bacteria_large_SRP,RF01854,182.9,4.999999999999999e-32,26152,26418,+,267
E_acetylicum_DSM_20416,Bacteria_large_SRP,RF01854,182.9,4.999999999999999e-32,2745755,2746021,+,267
E_enclense_NIO-1109,Bacteria_large_SRP,RF01854,182.9,4.999999999999999e-32,10671,10937,+,267
E_indicum_HHS_31,Bacteria_large_SRP,RF01854,182.9,4.999999999999999e-32,306822,306556,-,267
E_antarcticum_dsm14480,HEARO,RF02033,77.8,3.6e-12,2707423,2707299,-,125
E_oxidotolerans_JCM_12280,HEARO,RF02033,73.8,2.5e-11,1922687,1922564,-,124
E_sibiricum_255-15,HEARO,RF02033,71.2,8.9e-11,1392346,1392469,+,124
E_antarcticum_dsm14480,HEARO,RF02033,71.2,8.9e-11,4278,4155,-,124
E_antarcticum_dsm14480,HEARO,RF02033,68.9,2.9e-10,2229171,2229047,-,125
Eaurantiacum,NiCo,RF02683,62.5,1e-11,3026704,3026596,-,109
E_sp_MH3,c-di-GMP-I-GGC,RF03167,55.2,1.7e-10,2678333,2678417,+,85
E_enclense_NIO-1109,c-di-GMP-I-GGC,RF03167,55.2,1.7e-10,216206,216122,-,85
E_indicum_HHS_31,c-di-GMP-I-GGC,RF03167,55.2,1.7e-10,2851059,2851143,+,85
E_oxidotolerans_JCM_12280,c-di-GMP-I-GGC,RF03167,55.1,1.8e-10,1142971,1143055,+,85
